producto,precio
Sobretodo ojal recto lana - Negro,"
$ 68.000,00
"
Cuello V lana - Negro,"
$ 14.800,00
"
Saco formal corderoy - Beige,"
$ 26.800,00
"
Campera cuero mao bolsillos - Negro,"
$ 72.000,00
"
Campera gamuza mao bolsillos - Beige,"
$ 72.000,00
"
Polera lana algodon - Habano,"
$ 14.500,00
"
Pantalon formal corderoy - Beige,"
$ 12.500,00
"
Pantalón rígido 5 bolsillos corderoy - Beige,"
$ 12.200,00
"
Saco formal corderoy - Gris,"
$ 26.800,00
"
Polera lana algodon - Gris melange oscuro,"
$ 14.500,00
"
Pantalon nueve lavado Corrientes recto - Azul oscuro,"
$ 11.200,00
"
Sobretodo ojal recto lana - Tabaco,"
$ 68.000,00
"
Pantalon formal corderoy - Gris,"
$ 12.500,00
"
Chomba lana manga larga - Azul Marino,"
$ 15.400,00
"
Campera cuero mao bolsillos - Marron,"
$ 72.000,00
"
Sweater media polera cierre y botón - Azul Marino,"
$ 17.500,00
"
Chomba lana manga larga - Gris melange oscuro,"
$ 15.400,00
"
Cuello V lana - Uva,"
$ 14.800,00
"
Pantalon rigido cinco bolsillos corderoy - Piedra,"
$ 12.200,00
"
Campera con cierre lana - Gris melange,"
$ 16.200,00
"
Pantalon interlock - Negro,"
$ 12.500,00
"
Sweater media polera cierre y botón - Negro,"
$ 17.500,00
"
Sweater cuello U lana algodon - Aero,"
$ 14.200,00
"
Campera tejida combinada nylon - Negro,"
$ 22.000,00
"
Saco lana pechera desmontable - Gris,"
$ 32.000,00
"
Pantalon nueve lavado Misiones recto - Azul rigido,"
$ 11.200,00
"
Campera con cierre lana - Azul Marino,"
$ 16.200,00
"
Sweater cuello U ochos con coderas - Gris melange oscuro,"
$ 16.500,00
"
Chomba pique luxury cartera V - Azul Marino,"
$ 8.500,00
"
Sweater media polera cierre y botón - Gris melange claro,"
$ 17.500,00
"
Saco envivado lana - Azul espiga,"
$ 29.800,00
"
PACK 3 - Luxury cuello V - Blanco,"
$ 14.500,00
"
Campera active raglan con capucha - Negro,"
$ 18.500,00
"
Pantalon interlock - Azul Marino,"
$ 12.500,00
"
PACK 3 - Luxury cuello V - Negro,"
$ 14.500,00
"
Campera corderoy - Camel,"
$ 14.500,00
"
Sweater cuello U lana algodon - Vison,"
$ 14.200,00
"
Saco envivado lana - Gris espiga,"
$ 29.800,00
"
Chomba pique luxury cartera V - Blanco,"
$ 8.500,00
"
PACK 3 - Luxury cuello redondo - Negro,"
$ 14.500,00
"
Campera tejida capucha nylon - Azul Marino,"
$ 24.000,00
"
Remera luxury cuello U - Negro,"
$ 5.400,00
"
Sobretodo ojal recto lana - Gris melange claro,"
$ 68.000,00
"
Remera luxury cuello V - Blanco,"
$ 5.400,00
"
Remera luxury cuello V - Negro,"
$ 5.400,00
"
Chomba pique luxury cartera V - Negro,"
$ 8.500,00
"
Pantalón formal - Negro,"
$ 12.500,00
"
Campera raglan con cierre fantasía - Negro,"
$ 17.500,00
"
Camisa lino lavado button down,"
$ 12.900,00
"
Cuello redondo liquid cotton - Gris melange oscuro,"
$ 5.600,00
"
Pantalón gabardina garment dye - Piedra,"
$ 9.200,00
"
Pantalón gabardina garment dye - Gris oscuro,"
$ 9.200,00
"
Remera luxury cuello U - Blanco,"
$ 5.400,00
"
Cuello V liquid cotton,"
$ 5.600,00
"
Pantalón gabardina garment dye - Camel,"
$ 9.200,00
"
Pantalón N7 lavado Misiones skinny - Azul rigido,"
$ 10.000,00
"
Media polera combinada interlock - Azul Marino,"
$ 12.500,00
"
Pantalón formal - Azul Marino,"
$ 12.500,00
"
Pantalón gabardina garment dye - Azul Marino,"
$ 9.200,00
"
Camisa mao índigo - Azul,"
$ 10.500,00
"
Campera active raglan con capucha - Azul,"
$ 18.500,00
"
Sweater cuello U ochos con coderas - Azul Marino,"
$ 16.500,00
"
Campera raglan con cierre fantasía - Azul Marino,"
$ 17.500,00
"
Sweater cuello U ochos con coderas - Negro,"
$ 16.500,00
"
Sweater cuello U lana algodon - Negro,"
$ 14.200,00
"
Sweater cuello U lana algodon - Azul Marino,"
$ 14.200,00
"
Remera pima cuello V manga corta - Blanco,"
$ 4.600,00
"
Remera luxury cuello redondo - Camel,"
$ 5.200,00
"
Remera pima cuello U manga corta - Verde,"
$ 4.600,00
"
PACK 3 - Luxury cuello redondo - Blanco,"
$ 14.500,00
"
Camisa informal cuello sin costura - Blanco espiga,"
$ 8.280,00
"
Camisa informal cuello sin costura - Vichy Negro,"
$ 8.280,00
"
Camisa informal cuello sin costura - Azul raya,"
$ 8.280,00
"
Camisa informal cuello sin costura - Blanco,"
$ 8.280,00
"
Camisa denim lavado Oporto - Azul,"
$ 9.800,00
"
Pantalón N7 lavado Salta skinny - Azul rigido,"
$ 9.200,00
"
Pantalón N7 lavado Chaco skinny - Azul,"
$ 9.200,00
"
Pantalón N7 lavado Tucumán skinny - Azul intenso,"
$ 9.200,00
"
Pantalón N7 lavado Formosa skinny - Azul intenso,"
$ 9.200,00
"
Pantalón N13 Skinny lycra Chubut,"
$ 10.400,00
"
Pantalón N13 skinny lycra Córdoba,"
$ 10.400,00
"
Pantalón N7 lavado Jujuy skinny - Gris intenso,"
$ 9.200,00
"
Pantalón N13 skinny lycra Neuquén - Azul intermedio,"
$ 10.400,00
"
Pantalón chino gabardina - Gris,"
$ 9.200,00
"
Pantalón chino gabardina - Azul Marino,"
$ 9.200,00
"
Pantalón chino gabardina - Camel,"
$ 9.200,00
"
Pantalón chino gabardina - Beige,"
$ 9.200,00
"
Remera luxury cuello V - Azul Marino,"
$ 5.200,00
"
Bota ruta graneada - Negro,"
$ 25.400,00
"
Bota ruta graneada - Marron,"
$ 25.400,00
"
Chalina baby alpaca espiga - Beige,"
$ 7.800,00
"
Chalina baby alpaca espiga - Tostado,"
$ 7.800,00
"
Chalina baby alpaca espiga - Gris,"
$ 7.800,00
"
Chalina baby alpaca premium - Camel,"
$ 8.200,00
"
Chalina baby alpaca premium - Gris melange intermedio,"
$ 8.200,00
"
Chalina baby alpaca premium - Negro,"
$ 8.200,00
"
Cap Técnico - Azul,"
$ 4.800,00
"
Cap EN denim - Azul,"
$ 2.900,00
"
Cap Técnico - Negro,"
$ 4.800,00
"
Cap EN denim - Negro,"
$ 2.900,00
"
Guantes de manejo - Marron,"
$ 8.900,00
"
Guantes de manejo - Negro,"
$ 8.900,00
"
Chalina viscosa melange lisa - Rosa,"
$ 4.990,00
"
Chalina viscosa melange lisa - Beige,"
$ 4.990,00
"
Cinturón vintage fino lengua con remache - Marron,"
$ 3.700,00
"
Cinturón vintage heb plata vieja - Marron,"
$ 3.700,00
"
Cinturón vintage marrón liso,"
$ 3.700,00
"
Cinturón vintage negro liso,"
$ 3.700,00
"
Cinturón vintage heb plata vieja - Negro,"
$ 3.700,00
"
